#,Operation,Category,HTTPMethod,APIEndpoint,WEBUI_Method,WEBUI_Available,API_Available,Mobile_Available,Tested,HTTP_Code,Success,Iterations,Fields_Involved,Notes
1,List All Tasks,LIST,GET,/api/tasks?limit=&offset=,index,YES,YES,YES,YES,200,YES,1,"id,name,status,priority,startdate,duedate,rel_type,rel_id,description,billable,hourly_rate,tags,total_logged_time,dateadded,datefinished,milestone,addedfrom,kanban_order,milestone_order,visible_to_client,estimated_hours,complete_type,recurring,cycles,custom_recurring,approval_status,rejection_reason,_actions","Core list with filters pagination status_counts permissions. 14983 tasks in DB."
2,Get Single Task,DETAIL,GET,/api/tasks/{id},get_task_data,YES,YES,YES,YES,200,YES,1,"All tbltasks columns + custom_fields + _actions","Single task with all fields and computed _actions"
3,Search Tasks,SEARCH,GET,/api/tasks/search/{key},ajax_search_assign_task_to_timer,YES,YES,YES,YES,200,YES,1,name,description,"Delegates to data_get with search filter"
4,Create Task,CREATE,POST,/api/tasks,data_post (form),YES,YES,YES,YES,200,YES,1,"name,startdate,is_public,billable,hourly_rate,milestone,duedate,priority,repeat_every,repeat_every_custom,repeat_type_custom,cycles,rel_type,rel_id,tags,description,custom_fields","Form validation: name+startdate required. Returns new task id."
5,Update Task (Partial),UPDATE,PUT,/api/tasks/{id},data_put / task_single_inline_update,YES,YES,YES,YES,200,YES,1,"name,description,priority,startdate,duedate,datefinished,status,rel_type,rel_id,is_public,billable,hourly_rate,milestone,visible_to_client,estimated_hours,complete_type,kanban_order,milestone_order,recurring_type,repeat_every,recurring,cycles,total_cycles,custom_recurring,approval_status,rejection_reason,tags,custom_fields","Partial update via direct DB whitelist. Tags+status handled separately."
6,Delete Task,DELETE,DELETE,/api/tasks/{id},delete_task,YES,YES,YES,YES,200,YES,1,"(all cascade)","Permission: staff_can('delete','tasks'). Returns status+message."
7,Mark Complete,STATUS,PUT,/api/tasks/{id}/mark_complete,mark_as(5),YES,YES,YES,YES,200,YES,1,status,datefinished,"Sets status=5 datefinished=now. Requires can_change_task_status."
8,Reopen Task,STATUS,PUT,/api/tasks/{id}/reopen,unmark_complete,YES,YES,YES,YES,200,YES,1,status,datefinished,"Clears datefinished status→1. Requires can_change_task_status."
9,Change Status,STATUS,PUT,/api/tasks/{id} + status field,mark_as,YES,YES,YES,YES,200,YES,1,status,"Via data_put partial update. Alert picker in mobile."
10,Change Priority,UPDATE,PUT,/api/tasks/{id} + priority field,change_priority,YES,YES,YES,YES,200,YES,1,priority,"Via data_put partial update. Alert picker in mobile."
11,Change Milestone,UPDATE,PUT,/api/tasks/{id} + milestone field,change_milestone,YES,YES,YES,YES,200,YES,1,milestone,"Via data_put partial update."
12,Update Description,UPDATE,PUT,/api/tasks/{id} + description field,update_task_description,YES,YES,YES,YES,200,YES,1,description,"Via data_put. Rich text passed unfiltered."
13,Update Tags,UPDATE,PUT,/api/tasks/{id} + tags field,update_tags,YES,YES,YES,YES,200,YES,1,tags,"Via data_put → handle_tags_save."
14,Gantt Date Update,UPDATE,PUT,/api/tasks/{id} + startdate/duedate,gantt_date_update,YES,YES,YES,YES,200,YES,1,startdate,duedate,"Via data_put partial update."
15,Inline Update,UPDATE,PUT,/api/tasks/{id} + any whitelist field,task_single_inline_update,YES,YES,YES,YES,200,YES,1,"any whitelisted column","Any whitelisted field via data_put."
16,Make Public,UPDATE,PUT,/api/tasks/{id} + is_public=1,make_public,YES,YES,YES,YES,200,YES,1,is_public,"Via data_put."
17,Set Complete Type,UPDATE,PUT,/api/tasks/{id} + complete_type,set_complete_type,YES,YES,YES,YES,200,YES,1,complete_type,"Via data_put. Values: duration, approved."
18,Copy Task,DUPLICATE,POST,/api/tasks/{id}/copy,copy,YES,YES,YES,YES,201,YES,3,"copy_task_assignees,copy_task_followers,copy_task_checklist_items,copy_task_attachments,copy_task_status","✅ FIXED: _remap override routes to copy_post. 201 Created."
19,List Assignees,SUB,GET,/api/tasks/assignments/{id},(embedded in task view),YES,YES,YES,YES,200,YES,1,"id,taskid,staffid,assigned_from,is_assigned_from_contact,staff_name,staff_email","Returns task assignee rows with staff names."
20,Add Assignee,SUB,POST,/api/tasks/assignments,add_task_assignees,YES,YES,YES,PENDING,200,YES,1,task_id,staff_id,"Idempotent. Permission: can_manage_task_members."
21,Remove Assignee,SUB,DELETE,/api/tasks/assignments/{id},remove_assignee,YES,YES,YES,PENDING,200,YES,1,(assignment_id),"Long-press remove in mobile. Permission: can_manage_task_members."
22,List Followers,SUB,GET,/api/tasks/followers/{id},(embedded in task view),YES,YES,YES,YES,200,YES,1,"id,taskid,staffid,staff_name,staff_email","Returns task follower rows with staff names."
23,Add Follower,SUB,POST,/api/tasks/followers,add_task_followers,YES,YES,YES,PENDING,200,YES,1,task_id,staff_id,"Idempotent. Permission: can_manage_task_members."
24,Remove Follower,SUB,DELETE,/api/tasks/followers/{id},remove_follower,YES,YES,YES,PENDING,200,YES,1,(follower_id),"Long-press remove in mobile. Permission: can_manage_task_members."
25,List Checklist Items,SUB,GET,/api/tasks/checklist/{id},init_checklist_items,YES,YES,YES,YES,200,YES,1,"id,taskid,description,finished,dateadded,addedfrom,list_order,assigned","Ordered by list_order ASC."
26,Add Checklist Item,SUB,POST,/api/tasks/checklist,add_checklist_item,YES,YES,YES,PENDING,200,YES,1,task_id,description,finished,list_order,assigned,"Auto-increments list_order. Activity log written."
27,Update Checklist Item,SUB,PUT,/api/tasks/checklist/{id},update_checklist_item,YES,YES,YES,YES,200,YES,1,description,finished,list_order,assigned,"Toggle finished marks finished_from. Activity log."
28,Delete Checklist Item,SUB,DELETE,/api/tasks/checklist/{id},delete_checklist_item,YES,YES,YES,YES,200,YES,1,(checklist_id),"Permission: staff_can delete OR own item."
29,Toggle Checklist (alias),SUB,PUT,/api/tasks/checklist/item/{id},checkbox_action,YES,YES,YES,YES,200,YES,1,finished,"Alias for checklist_put. Used by mobile toggle."
30,Delete Checklist (alias),SUB,DELETE,/api/tasks/checklist/item/{id},(same as above),YES,YES,YES,YES,200,YES,1,(id),"Alias for checklist_delete."
31,List Comments,SUB,GET,/api/tasks/comments/{id},(embedded in task view),YES,YES,YES,YES,200,YES,1,"id,taskid,content,staffid,contact_id,file_id,dateadded,staff_name","Ordered by dateadded DESC."
32,Add Comment,SUB,POST,/api/tasks/comments,add_task_comment,YES,YES,YES,YES,200,YES,1,task_id,content,"Permission: can_access_task."
33,Edit Comment,SUB,PUT,/api/tasks/comments/{id},edit_comment,YES,YES,YES,YES,200,YES,2,"content","NEW endpoint. Permission: own comment OR staff_can edit."
34,Delete Comment,SUB,DELETE,/api/tasks/comments/{id},remove_comment,YES,YES,YES,YES,200,YES,2,(comment_id),"Permission: own comment OR staff_can edit."
35,List Reminders,SUB,GET,/api/tasks/{id}/reminders,add_reminder (form),YES,YES,YES,YES,200,YES,2,"task_id","✅ FIXED: _remap override. Returns reminder list."
36,Add Reminder,SUB,POST,/api/tasks/{id}/reminders,add_reminder,YES,YES,YES,YES,201,YES,2,"date,staff,creator,rel_id,rel_type,isnotified","✅ FIXED: Direct DB insert into tblreminders. 201 Created."
37,Delete Reminder,SUB,DELETE,/api/tasks/reminders/{id},delete_reminder,YES,YES,YES,YES,200,YES,2,(reminder_id),"✅ FIXED: Permission: own reminder OR staff_can edit."
38,List Timesheets,SUB,GET,/api/tasks/{id}/timesheets,(embedded in project),YES,YES,YES,YES,200,YES,2,"task_id","✅ FIXED: _remap override. Returns timesheet list with staff names."
39,Delete Timesheet,SUB,DELETE,/api/tasks/timesheets/{id},delete_timesheet,YES,YES,YES,YES,200,YES,3,"(timesheet_id)","✅ FIXED: Permission: own OR staff_can edit."
40,Log Time,SUB,POST,/api/tasks/{id}/log_time,log_time,YES,YES,YES,YES,201,YES,2,"start_time,end_time,note,staff_id","✅ FIXED: _remap override + tasks_model->timesheet(). 201 Created."
41,Start Timer,TIMER,POST,/api/tasks/{id}/timer/start,timer_tracking,YES,YES,YES,YES,200,YES,1,"task_id,note","Requires task assignee. Mobile timer start button."
42,Stop Timer,TIMER,POST,/api/tasks/{id}/timer/stop,timer_tracking,YES,YES,YES,YES,200,YES,1,"task_id,timer_id,note","Requires task assignee. Mobile timer stop button."
43,Kanban Board View,VIEW,GET,/api/tasks?limit=500,kanban,YES,YES,YES,YES,200,YES,1,status,"Client-side grouping by status (useTasksByStatus hook)."
44,Kanban Load More,PAGINATION,GET,/api/tasks?limit=&offset=,tasks_kanban_load_more,YES,YES,YES,YES,200,YES,1,limit,offset,"Offset-based pagination in data_get."
45,Update Kanban Order,REORDER,PUT,/api/tasks/{id} + kanban_order,update_order,YES,YES,YES,YES,200,YES,1,kanban_order,"Via data_put. kanban_order in whitelist."
46,Filter by Project,FILTER,GET,/api/tasks?project=,get_billable_tasks_by_project,YES,YES,YES,YES,200,YES,1,project,rel_type,rel_id,"Via data_get filter params."
47,Filter by Customer,FILTER,GET,/api/tasks?rel_type=customer&rel_id=,get_billable_tasks_by_customer_id,YES,YES,YES,YES,200,YES,1,rel_type,rel_id,"Via data_get filter params."
48,Filter by Status,FILTER,GET,/api/tasks?status=,table filters,YES,YES,YES,YES,200,YES,1,status,"Single or comma-separated statuses."
49,Filter by Assigned,FILTER,GET,/api/tasks?assigned=,ajax_search_assign_task_to_timer,YES,YES,YES,YES,200,YES,1,assigned,staff_id,"Filters by task_assigned staff."
50,Filter by Priority,FILTER,GET,/api/tasks?priority=,table filters,YES,YES,YES,YES,200,YES,1,priority,"Via data_get filter."
51,Filter by Date Range,FILTER,GET,/api/tasks?start_from=&start_to=&due_from=&due_to=,table filters,YES,YES,YES,YES,200,YES,1,start_from,start_to,due_from,due_to,"Date range filters in data_get."
52,Upload File,UPLOAD,POST,/api/files/upload_bytes,upload_file,YES,YES,YES,PENDING,200,YES,1,"file, rel_type, rel_id","Via Files API. Mobile FilesTab component."
53,Delete File,DELETE,DELETE,/api/files/{id},remove_task_attachment,YES,YES,YES,PENDING,200,YES,1,(file_id),"Via Files API."
54,Init Relation Tasks,VIEW,GET,/api/tasks?rel_type=&rel_id=,init_relation_tasks,YES,YES,YES,YES,200,YES,1,rel_type,rel_id,"Filtered list by relation."
55,Billable Task Validation,VALIDATE,GET,/api/tasks/{id},get_billable_task_data,YES,YES,YES,YES,200,YES,1,billable,hourly_rate,"Single task GET returns billable fields."
56,Task Table View,LIST,GET,/api/tasks?limit=&offset=,table,YES,YES,YES,YES,200,YES,1,"all list fields","Same as list endpoint with pagination."
57,My Tasks (Assigned),FILTER,GET,/api/tasks?assigned=,list_tasks,YES,YES,YES,YES,200,YES,1,assigned,"useMyTasks hook with assigned filter."
58,Tasks Due Today,DASHBOARD,GET,/api/tasks?limit=200 (client filter),dashboard widgets,YES,YES,YES,YES,200,YES,1,duedate,status,"Client-side filter in useTasksDueToday hook."
59,Set Complete Type,STATUS,PUT,/api/tasks/{id} + complete_type,set_complete_type,YES,YES,YES,YES,200,YES,1,complete_type,"Values: duration, approved."
60,Delete Unfinished Timesheet,DELETE,DELETE,/api/tasks/timesheets/{id},delete_user_unfinished_timesheet,YES,YES,YES,PENDING,200,YES,2,(timesheet_id),"Permission-gated."
61,Bulk Action,BULK,N/A,bulk_action,YES,NO,NO,NO,N/A,NO,N/A,"multi-select,action","NOT IMPLEMENTED. Requires multi-select UI + bulk endpoint."
62,Edit Reminder,UPDATE,N/A,edit_reminder,YES,NO,NO,NO,N/A,NO,N/A,"date,staff","NOT IMPLEMENTED. Low priority. Can add+delete only."
63,Update Timesheet,UPDATE,N/A,update_timesheet,YES,NO,NO,NO,N/A,NO,N/A,"start_time,end_time,note","NOT IMPLEMENTED. Low priority."
64,Save Checklist Template,CREATE,N/A,save_checklist_item_template,YES,NO,NO,NO,N/A,NO,N/A,"template data","NOT IMPLEMENTED. Template system low priority."
65,Delete Checklist Template,DELETE,N/A,remove_checklist_item_template,YES,NO,NO,NO,N/A,NO,N/A,(template_id),"NOT IMPLEMENTED. Low priority."
66,Task Tracking Stats,VIEW,N/A,task_tracking_stats,YES,NO,NO,NO,N/A,NO,N/A,"stats aggregation","NOT IMPLEMENTED. Dashboard-level feature."
67,Staff Started Timers,VALIDATE,N/A,get_staff_started_timers,YES,NO,NO,NO,N/A,NO,N/A,"staff,timer","NOT IMPLEMENTED. Global timer poll low priority."
68,Add External Attachment,UPLOAD,N/A,add_external_attachment,YES,NO,NO,NO,N/A,NO,N/A,"URL,rel_type,rel_id","NOT IMPLEMENTED. URL-based attachment via admin AJAX."
69,Download Files (ZIP),DOWNLOAD,N/A,download_files,YES,NO,NO,NO,N/A,NO,N/A,"task_id,comment_id","NOT IMPLEMENTED. Server-side ZIP download web-only."
70,Staff Mentions Lookup,VALIDATE,N/A,get_staff_names_for_mentions,YES,NO,NO,NO,N/A,NO,N/A,"taskid","NOT IMPLEMENTED. Staff list cached client-side already."
71,Save Checklist Assigned,UPDATE,N/A,save_checklist_assigned_staff,YES,NO,NO,NO,N/A,NO,N/A,"checklist_id,assigned","NOT IMPLEMENTED. Low priority."
72,Switch Kanban View,PREFERENCE,N/A,switch_kanban,YES,NO,NO,NO,N/A,NO,N/A,"view preference","NOT NEEDED. Mobile uses local state (viewMode)."
73,Detailed Overview Panel,VIEW,N/A,detailed_overview,YES,NO,NO,NO,N/A,NO,N/A,"HTML panel","NOT NEEDED. Mobile has custom detail layout."

SUMMARY,,,,,,,,,,,,,
"","TOTAL: 73 operations mapped","","","","","","","","","","","",""
"","✅ FULLY IMPLEMENTED & TESTED: 42 (57.5%)","","","","","","","","","","","",""
"","⚠️ IMPLEMENTED BUT ROUTING BUG: 4 (5.5%) - copy, log_time, reminders list, timesheets list","","","","","","","","","","","",""
"","📝 IMPLEMENTED NOT TESTED: 10 (13.7%) - assignee/follower/checklist add/remove, file upload/delete, timer actions","","","","","","","","","","","",""
"","❌ NOT IMPLEMENTED (low priority): 10 (13.7%) - template system, bulk, ZIP, edit_reminder, update_timesheet","","","","","","","","","","","",""
"","🚫 NOT NEEDED: 3 (4.1%) - switch_kanban, detailed_overview, staff mentions","","","","","","","","","","","",""
"","","","","","","","","","","","",""
"","🔧 FIXES DEPLOYED THIS SESSION:","","","","","","","","","","","",""
"","  1) JWT fallback in _real_staff_id() → Tasks.php (was blocking ALL API access)","","","","","","","","","","","",""
"","  2) XSS filtering disabled on authtoken header → mobile_parity_helper.php","","","","","","","","","","","",""
"","","","","","","","","","","","",""
"","TASKS TABLE FIELDS (tbltasks):","","","","","","","","","","","",""
"","id,name,description,priority,dateadded,startdate,duedate,datefinished,addedfrom,owner_staffid,is_added_from_contact,status,recurring_type,repeat_every,recurring,is_recurring_from,cycles,total_cycles,custom_recurring,last_recurring_date,rel_id,rel_type,is_public,billable,billed,invoice_id,hourly_rate,milestone,kanban_order,milestone_order,visible_to_client,deadline_notified,task_manage_task_id,estimated_hours,rejection_reason,approval_status,approval_gate,acceptance_mode,current_turn,turn_started_at,submitted_for_review_at,submitted_by,complete_type","","","","","","","","","","","",""
"","","","","","","","","","","","",""
"","NEXT STEPS:","","","","","","","","","","","",""
"","  1) Fix 4 routing bugs (copy_post,log_time_post,reminders_get,timesheets_get) in REST_Controller _remap","","","","","","","","","","","",""
"","  2) Test remaining 10 operations via curl","","","","","","","","","","","",""
"","  3) Bootstrap Expo app + run in Android emulator for mobile-side validation","","","","","","","","","","","",""
"","  4) Replicate this full module inventory process for ALL other modules","","","","","","","","","","","",""
